,Player,Year,active_to,Agility,Sprint,Body Fat,Bench,Weight,Height (No Shoes),Vertical (Max Reach),Vertical (No Step Reach),big_man,Years_Played,Expected_Output,Weight_by_Height,Weight_by_BF,Height_by_BF,WBF_by_H
0,Blake Griffin,2009,2018,10.95,3.28,8.2,22.0,248.0,80.5,140.5,137.0,1,9,1,3.080745341614907,30.243902439024392,9.817073170731708,0.2526211180124223
1,Terrence Williams,2009,2013,11.15,3.18,5.1,9.0,213.0,77.0,140.5,134.0,1,4,0,2.7662337662337664,41.76470588235294,15.098039215686276,0.14107792207792208
3,Gerald Henderson,2009,2017,11.17,3.14,4.4,8.0,215.0,76.0,137.5,134.0,0,8,1,2.8289473684210527,48.86363636363636,17.27272727272727,0.12447368421052633
4,Tyler Hansbrough,2009,2016,11.12,3.27,8.5,18.0,234.0,80.25,140.0,133.5,1,7,1,2.9158878504672896,27.529411764705884,9.441176470588236,0.24785046728971963
5,Earl Clark,2009,2015,11.17,3.35,5.2,5.0,228.0,80.5,142.5,138.0,1,6,1,2.8322981366459627,43.84615384615385,15.48076923076923,0.14727950310559007
6,Austin Daye,2009,2015,12.11,3.55,5.5,6.949408330786427,192.0,81.75,138.0,135.0,1,6,1,2.3486238532110093,34.90909090909091,14.863636363636363,0.1291743119266055
7,James Johnson,2009,2018,11.21,3.23,12.0,18.0,257.0,79.0,140.5,136.0,1,9,1,3.2531645569620253,21.416666666666668,6.583333333333333,0.390379746835443
8,Jrue Holiday,2009,2018,10.64,3.21,6.3,6.0,199.0,75.25,134.5,129.0,0,9,1,2.644518272425249,31.58730158730159,11.944444444444445,0.16660465116279072
9,Ty Lawson,2009,2017,10.98,3.12,6.6,14.0,197.0,71.25,131.0,123.5,0,8,1,2.7649122807017545,29.84848484848485,10.795454545454547,0.1824842105263158
10,Ty Lawson,2008,2017,11.03798168887917,3.1780474652676545,5.6,14.0,195.0,70.75,131.50415786386813,124.92399954212456,0,9,1,2.756183745583039,34.82142857142858,12.633928571428573,0.15434628975265016
11,Jeff Teague,2009,2018,11.05,3.18,4.5,13.0,175.0,72.25,135.0,129.0,0,9,1,2.422145328719723,38.888888888888886,16.055555555555557,0.10899653979238755
12,Hasheem Thabeet,2009,2014,12.085545746165963,3.5441649044416277,6.7,11.031493722435405,267.0,85.25,140.34189460089485,137.39226263805423,1,5,0,3.131964809384164,39.850746268656714,12.723880597014926,0.209841642228739
13,Eric Maynor,2009,2014,10.78,3.19,5.4,8.0,164.0,74.25,128.5,125.5,0,5,0,2.208754208754209,30.370370370370367,13.749999999999998,0.1192727272727273
14,Darren Collison,2009,2018,10.45,3.1,5.7,9.0,166.0,72.25,130.0,127.0,0,9,1,2.2975778546712804,29.12280701754386,12.675438596491228,0.13096193771626297
15,Omri Casspi,2009,2018,11.15,3.28,8.6,2.0,211.0,79.75,139.0,132.0,1,9,1,2.64576802507837,24.534883720930235,9.273255813953488,0.22753605015673978
16,Byron Mullens,2009,2014,11.1,3.45,8.5,10.0,258.0,83.75,143.5,139.5,1,5,0,3.080597014925373,30.352941176470587,9.852941176470589,0.26185074626865673
17,Damion James,2009,2014,11.23,3.09,8.2,14.0,224.0,78.25,143.0,136.0,0,5,0,2.862619808306709,27.31707317073171,9.542682926829269,0.23473482428115014
18,Rodrigue Beaubois,2009,2013,10.49,3.15,7.9,3.0,182.0,73.25,139.0,129.5,0,4,0,2.484641638225256,23.037974683544302,9.272151898734176,0.1962866894197952
19,Taj Gibson,2009,2018,11.56,3.41,6.6,12.0,214.0,80.5,139.0,134.5,1,9,1,2.658385093167702,32.42424242424243,12.196969696969697,0.17545341614906834
20,DeMarre Carroll,2009,2018,11.228577704555994,3.268161370613941,6.3,6.603195146648493,207.0,78.25,139.49576183822944,132.47514988215562,1,9,1,2.6453674121405752,32.85714285714286,12.420634920634921,0.16665814696485623
21,Greivis Vasquez,2009,2017,11.13,3.48,6.9,1.0,197.0,76.75,129.0,125.5,0,8,1,2.566775244299674,28.550724637681157,11.123188405797102,0.17710749185667754
22,Wayne Ellington,2009,2018,11.14,3.2,5.5,13.0,202.0,76.25,138.0,131.5,0,9,1,2.6491803278688524,36.72727272727273,13.863636363636363,0.14570491803278687
23,Wayne Ellington,2008,2018,12.05,3.2,5.4,7.0,194.0,75.75,136.37967417027625,130.96048289635203,0,10,1,2.561056105610561,35.925925925925924,14.027777777777777,0.1382970297029703
24,Toney Douglas,2009,2017,10.63,3.03,5.2,15.0,183.0,73.0,130.0,125.5,0,8,1,2.506849315068493,35.19230769230769,14.038461538461538,0.13035616438356165
25,James Harden,2009,2018,11.1,3.13,10.1,17.0,222.0,76.0,140.5,135.0,0,9,1,2.9210526315789473,21.980198019801982,7.524752475247525,0.29502631578947364
26,Jermaine Taylor,2009,2011,11.54,3.32,5.8,16.0,207.0,75.5,138.5,135.0,0,2,0,2.7417218543046356,35.689655172413794,13.017241379310345,0.15901986754966885
27,Dante Cunningham,2009,2018,11.18,3.26,4.8,18.0,227.0,79.0,141.5,134.5,1,9,1,2.8734177215189876,47.29166666666667,16.458333333333336,0.1379240506329114
28,DaJuan Summers,2009,2013,10.94,3.17,6.6,15.0,243.0,79.25,141.0,136.0,1,4,0,3.0662460567823344,36.81818181818182,12.007575757575758,0.20237223974763408
29,Sam Young,2009,2013,11.47,3.45,4.9,11.051531938913339,223.0,77.25,138.5,133.0,1,4,0,2.8867313915857604,45.51020408163265,15.765306122448978,0.14144983818770226
30,DeJuan Blair,2009,2016,11.5,3.45,12.0,18.0,277.0,77.25,139.5,132.5,1,7,1,3.585760517799353,23.083333333333332,6.4375,0.43029126213592234
31,Tyreke Evans,2009,2018,11.81,3.17,7.1,7.0,221.0,76.0,138.0,132.5,0,9,1,2.9078947368421053,31.126760563380284,10.704225352112676,0.20646052631578946
32,Derrick Brown,2009,2012,11.26,3.13,8.6,20.0,225.0,79.5,143.0,138.0,1,3,0,2.830188679245283,26.16279069767442,9.244186046511627,0.2433962264150943
33,Jodie Meeks,2009,2018,10.96,3.1,8.0,14.0,211.0,75.0,135.0,126.5,0,9,1,2.8133333333333335,26.375,9.375,0.22506666666666666
34,Marcus Thornton,2009,2017,10.73,3.28,4.8,14.0,194.0,74.75,132.0,130.0,0,8,1,2.5953177257525084,40.41666666666667,15.572916666666668,0.1245752508361204
36,Chase Budinger,2009,2016,11.08,3.24,10.0,10.0,206.0,78.25,139.5,130.5,1,7,1,2.63258785942492,20.6,7.825,0.263258785942492
37,Danny Green,2009,2018,11.3,3.3,5.6,15.0,208.0,77.25,136.0,132.0,0,9,1,2.692556634304207,37.142857142857146,13.794642857142858,0.1507831715210356
38,Danny Green,2008,2018,11.21654797807745,3.232564908440313,5.2,14.0,207.0,76.5,137.96789377826053,132.4295293029936,0,10,1,2.7058823529411766,39.80769230769231,14.711538461538462,0.14070588235294118
39,Gani Lawal,2009,2011,11.93,3.34,7.2,17.0,229.0,79.75,140.5,136.0,1,2,0,2.871473354231975,31.805555555555554,11.07638888888889,0.20674608150470222
40,A.J. Price,2009,2015,10.99,3.22,12.4,11.0,193.0,72.5,128.0,123.0,0,6,1,2.6620689655172414,15.564516129032258,5.846774193548387,0.33009655172413793
41,Luke Harangody,2009,2012,11.15,3.33,11.2,23.0,240.0,78.25,137.0,133.0,1,3,0,3.0670926517571884,21.42857142857143,6.986607142857143,0.34351437699680504
42,Jonny Flynn,2009,2012,10.86,3.23,6.3,10.0,196.0,71.25,135.5,128.5,0,3,0,2.7508771929824563,31.11111111111111,11.30952380952381,0.17330526315789474
43,Stephen Curry,2009,2018,11.07,3.28,5.7,10.0,181.0,74.0,132.5,126.5,0,9,1,2.445945945945946,31.75438596491228,12.982456140350877,0.13941891891891892
44,Jordan Hill,2009,2017,12.23,3.3,6.0,11.0,232.0,81.25,143.0,139.0,1,8,1,2.855384615384615,38.666666666666664,13.541666666666666,0.1713230769230769
45,Dionte Christmas,2009,2014,10.83,3.21,7.1,3.0,211.0,76.25,136.0,129.5,0,5,0,2.767213114754098,29.71830985915493,10.73943661971831,0.19647213114754095
46,Jeff Adrien,2009,2015,11.34,3.32,7.9,16.0,236.0,77.25,139.0,135.0,1,6,1,3.0550161812297736,29.873417721518987,9.778481012658228,0.24134627831715214
47,Jerel McNeal,2009,2015,10.61,3.25,5.4,10.0,190.0,73.5,136.0,131.0,0,6,1,2.5850340136054424,35.18518518518518,13.61111111111111,0.13959183673469389
48,Joe Ingles,2009,2018,10.66,3.3,10.1,3.0,209.0,79.75,136.0,131.0,0,9,1,2.6206896551724137,20.693069306930695,7.896039603960396,0.2646896551724138
49,John Wall,2010,2018,10.84,3.14,5.6,12.104264755000406,196.0,74.75,140.5,131.5,0,8,1,2.6220735785953178,35.0,13.348214285714286,0.14683612040133778
50,Paul George,2010,2018,11.416548363877428,3.3304081213896035,5.0,4.0,214.0,79.75,138.98035438041643,133.8575945804128,1,8,1,2.683385579937304,42.8,15.95,0.1341692789968652
51,Cole Aldrich,2010,2018,11.48,3.35,8.5,10.0,236.0,81.0,139.5,134.5,1,8,1,2.9135802469135803,27.764705882352942,9.529411764705882,0.24765432098765436
52,Xavier Henry,2010,2015,11.1,3.18,4.7,8.0,210.0,77.25,141.5,133.5,0,5,0,2.7184466019417477,44.680851063829785,16.43617021276596,0.12776699029126212
53,Ed Davis,2010,2018,11.7,3.21,10.0,10.098012319694897,227.0,81.0,144.0,139.0,1,8,1,2.802469135802469,22.7,8.1,0.28024691358024695
54,Patrick Patterson,2010,2018,11.14,3.25,5.3,17.0,240.0,80.0,140.5,135.5,1,8,1,3.0,45.28301886792453,15.09433962264151,0.15899999999999997
55,Larry Sanders,2010,2017,12.49,3.27,4.6,7.0,222.0,81.25,140.0,137.5,1,7,1,2.732307692307692,48.2608695652174,17.66304347826087,0.12568615384615384
56,Luke Babbitt,2010,2018,10.98,3.4,5.6,15.0,218.0,79.5,142.0,134.0,1,8,1,2.742138364779874,38.92857142857143,14.196428571428573,0.15355974842767295
57,Eric Bledsoe,2010,2018,10.992202924185293,3.18007031652798,5.6,9.0,192.0,72.25,131.45268916753523,123.95689835164836,0,8,1,2.657439446366782,34.285714285714285,12.901785714285715,0.14881660899653978
58,Avery Bradley,2010,2018,11.47,3.14,4.0,2.0,180.0,74.0,136.0,130.0,0,8,1,2.4324324324324325,45.0,18.5,0.0972972972972973
59,Evan Turner,2010,2018,11.06,3.27,8.6,9.0,214.0,77.75,138.0,131.0,0,8,1,2.752411575562701,24.88372093023256,9.040697674418604,0.2367073954983923
60,James Anderson,2010,2016,11.86,3.19,7.9,14.0,208.0,76.75,139.5,134.0,0,6,1,2.7100977198697067,26.32911392405063,9.715189873417721,0.21409771986970683
61,Craig Brackins,2010,2012,11.65,3.39,7.9,6.0,229.0,80.5,144.0,135.0,1,2,0,2.8447204968944098,28.987341772151897,10.189873417721518,0.2247329192546584
62,Trevor Booker,2010,2018,11.15,3.1,7.3,22.0,236.0,78.25,142.0,137.0,1,8,1,3.015974440894569,32.32876712328767,10.719178082191782,0.22016613418530348
63,Dominique Jones,2010,2013,10.88,3.31,5.9,19.0,216.0,75.25,133.5,127.0,0,3,0,2.870431893687708,36.61016949152542,12.754237288135592,0.16935548172757478
64,Jordan Crawford,2010,2018,11.03,3.37,4.9,7.0,198.0,75.0,135.5,132.5,0,8,1,2.64,40.40816326530612,15.306122448979592,0.12936
65,Daniel Orton,2010,2014,12.32,3.39,13.8,13.0,269.0,80.75,141.0,134.5,1,4,0,3.331269349845201,19.492753623188406,5.851449275362318,0.4597151702786378
66,Derrick Favors,2010,2018,11.74,3.25,6.5,14.0,245.0,80.75,145.5,141.5,1,8,1,3.0340557275541795,37.69230769230769,12.423076923076923,0.19721362229102168
67,Lazar Hayward,2010,2013,10.87,3.31,7.5,15.0,226.0,76.5,138.0,133.0,1,3,0,2.954248366013072,30.133333333333333,10.2,0.22156862745098038
68,Dexter Pittman,2010,2014,11.7399267885073,3.5063362890540652,20.8,14.387816275535043,303.0,81.5,140.3804791453563,136.41178468946305,1,4,0,3.7177914110429446,14.567307692307692,3.918269230769231,0.7733006134969326
69,Hassan Whiteside,2010,2018,11.83,3.54,5.5,12.0,227.0,82.5,144.5,140.0,1,8,1,2.7515151515151515,41.27272727272727,15.0,0.15133333333333332
70,Armon Johnson,2010,2012,11.25,3.19,5.6,18.0,195.0,74.0,138.0,131.0,0,2,0,2.635135135135135,34.82142857142858,13.214285714285715,0.14756756756756753
71,Darington Hobson,2010,2012,11.68,3.25,6.2,7.319830901130277,204.0,77.25,138.5,133.5,0,2,0,2.6407766990291264,32.90322580645161,12.459677419354838,0.1637281553398058
72,Andy Rautins,2010,2011,11.27,3.49,6.2,8.0,192.0,76.25,130.5,123.5,0,1,0,2.518032786885246,30.96774193548387,12.298387096774194,0.15611803278688524
73,Wesley Johnson,2010,2018,11.43,3.14,4.6,16.0,206.0,78.25,143.0,138.0,0,8,1,2.63258785942492,44.78260869565218,17.010869565217394,0.12109904153354631
74,Lance Stephenson,2010,2018,11.39,3.38,9.3,10.0,227.0,76.5,136.0,130.0,0,8,1,2.9673202614379086,24.408602150537632,8.225806451612902,0.27596078431372556
75,Jarvis Varnado,2010,2014,11.61,3.37,9.5,3.0,210.0,80.25,142.0,139.0,1,4,0,2.616822429906542,22.105263157894736,8.447368421052632,0.24859813084112148
76,Devin Ebanks,2010,2013,11.69,3.44,7.9,6.0,208.0,79.0,139.5,131.0,1,3,0,2.632911392405063,26.32911392405063,10.0,0.208
77,Jerome Jordan,2010,2015,11.915595724604827,3.5042982127908644,6.9,11.80541390439155,244.0,83.5,139.69215248848383,135.58854443770463,1,5,0,2.9221556886227544,35.36231884057971,12.101449275362318,0.2016287425149701
78,DeMarcus Cousins,2010,2018,11.4,3.55,16.4,14.519536479723598,292.0,81.5,140.5,136.5,1,8,1,3.5828220858895707,17.804878048780488,4.969512195121951,0.5875828220858894
79,Solomon Alabi,2010,2012,13.2,3.68,5.0,10.0,237.0,83.5,139.0,135.5,1,2,0,2.838323353293413,47.4,16.7,0.1419161676646707
80,Willie Warren,2010,2011,11.21,3.5,7.6,10.0,208.0,74.5,131.0,122.5,0,1,0,2.791946308724832,27.36842105263158,9.802631578947368,0.21218791946308724
81,Derrick Caracter,2010,2011,12.78,3.61,12.8,22.0,280.0,80.25,137.75,132.25,1,1,0,3.4890965732087227,21.875,6.26953125,0.4466043613707166
82,Ekpe Udoh,2010,2018,11.15,3.29,8.0,10.0,237.0,80.75,140.0,137.5,1,8,1,2.934984520123839,29.625,10.09375,0.23479876160990712
83,Greg Monroe,2010,2018,12.1,3.35,11.2,15.0,247.0,81.75,137.5,133.5,1,8,1,3.021406727828746,22.05357142857143,7.299107142857143,0.33839755351681955
84,Al-Farouq Aminu,2010,2018,11.29,3.3,8.2,13.0,216.0,79.25,142.0,135.5,1,8,1,2.725552050473186,26.34146341463415,9.664634146341465,0.22349526813880122
85,Gordon Hayward,2010,2018,11.73,3.22,6.9,10.0,211.0,78.75,137.5,133.5,0,8,1,2.679365079365079,30.579710144927535,11.41304347826087,0.1848761904761905
86,Manny Harris,2010,2017,11.27055432856542,3.1446426341648803,3.8,11.0,185.0,76.0,137.4289193553678,131.64595435917278,0,7,1,2.4342105263157894,48.684210526315795,20.0,0.0925
87,Sherron Collins,2010,2011,12.31,3.24,9.2,13.59520995595497,217.0,70.25,127.0,121.5,0,1,0,3.088967971530249,23.586956521739133,7.635869565217392,0.2841850533807829
88,Jimmer Fredette,2011,2016,10.42,3.21,7.7,14.0,196.0,72.75,129.5,124.5,0,5,0,2.6941580756013748,25.454545454545453,9.448051948051948,0.20745017182130585
89,Klay Thompson,2011,2018,10.99,3.24,8.0,5.0,206.0,77.75,135.0,130.0,0,7,1,2.64951768488746,25.75,9.71875,0.21196141479099678
90,Alec Burks,2011,2018,10.96,3.17,5.1,5.0,193.0,77.0,139.5,132.5,0,7,1,2.5064935064935066,37.84313725490196,15.098039215686276,0.12783116883116882
91,Markieff Morris,2011,2018,11.483300949636021,3.4,10.2,11.0,241.0,79.75,138.0,133.5,1,7,1,3.0219435736677114,23.627450980392158,7.818627450980393,0.30823824451410653
92,Marcus Morris,2011,2018,11.322625506408253,3.15,8.0,11.0,230.0,79.0,138.5,134.5,1,7,1,2.911392405063291,28.75,9.875,0.2329113924050633
93,Kawhi Leonard,2011,2018,11.45,3.15,5.4,3.0,227.0,78.0,138.0,131.5,1,7,1,2.91025641025641,42.03703703703703,14.444444444444443,0.15715384615384617
94,Nikola Vucevic,2011,2018,12.02,3.27,6.1,8.0,260.0,82.25,137.5,136.0,1,7,1,3.161094224924012,42.622950819672134,13.48360655737705,0.19282674772036473
95,Iman Shumpert,2011,2018,11.1,3.18,6.5,18.0,222.0,76.25,141.5,136.0,0,7,1,2.911475409836066,34.15384615384615,11.73076923076923,0.18924590163934427
96,Chris Singleton,2011,2014,11.33,3.09,7.4,15.0,230.0,79.75,141.0,134.0,1,3,0,2.884012539184953,31.08108108108108,10.777027027027026,0.21341692789968655
97,Tobias Harris,2011,2018,10.96,3.17,8.4,12.0,223.0,78.5,141.0,135.0,1,7,1,2.840764331210191,26.547619047619047,9.345238095238095,0.23862420382165608
98,Derrick Williams,2011,2018,11.03,3.23,10.8,19.0,248.0,79.25,142.5,137.0,1,7,1,3.1293375394321767,22.962962962962962,7.337962962962963,0.3379684542586751
99,Nolan Smith,2011,2013,11.05,3.17,5.6,9.0,188.0,73.5,133.0,127.5,0,2,0,2.557823129251701,33.57142857142858,13.125,0.14323809523809522
100,Kenneth Faried,2011,2018,11.35,3.26,6.3,16.0,225.0,78.0,143.0,138.5,1,7,1,2.8846153846153846,35.714285714285715,12.380952380952381,0.18173076923076925
101,Jordan Hamilton,2011,2016,11.47,3.3,9.8,7.0,228.0,78.75,136.0,129.0,0,5,0,2.895238095238095,23.26530612244898,8.035714285714285,0.28373333333333334
102,Norris Cole,2011,2017,10.07,3.22,4.7,11.0,174.0,72.25,134.0,125.0,0,6,1,2.4083044982698962,37.02127659574468,15.372340425531915,0.11319031141868513
103,Cory Joseph,2011,2018,10.75,3.27,9.7,5.0,186.0,74.0,134.0,126.5,0,7,1,2.5135135135135136,19.175257731958766,7.628865979381444,0.2438108108108108
104,Enes Kanter,2011,2018,11.3,3.26,5.9,14.0,259.0,81.75,142.0,135.5,1,7,1,3.168195718654434,43.89830508474576,13.85593220338983,0.18692354740061162
105,Jimmy Butler,2011,2018,11.92,3.15,5.4,14.0,222.0,78.0,140.5,133.5,0,7,1,2.8461538461538463,41.11111111111111,14.444444444444443,0.1536923076923077
106,Justin Harper,2011,2017,11.92,3.3,4.0,19.0,228.0,80.0,139.0,134.5,1,6,1,2.85,57.0,20.0,0.11400000000000002
107,Kyle Singler,2011,2018,11.22,3.21,10.0,10.0,228.0,79.5,136.0,129.0,1,7,1,2.8679245283018866,22.8,7.95,0.28679245283018867
108,Shelvin Mack,2011,2018,11.23,3.18,7.1,17.0,209.0,73.0,135.5,128.5,0,7,1,2.863013698630137,29.43661971830986,10.281690140845072,0.20327397260273972
109,Tyler Honeycutt,2011,2013,11.68,3.07,5.3,10.067863235220157,187.0,78.75,142.0,135.0,1,2,0,2.3746031746031746,35.28301886792453,14.858490566037736,0.12585396825396825
110,Jordan Williams,2011,2012,12.74,3.45,12.1,10.0,247.0,79.75,137.0,131.5,1,1,0,3.09717868338558,20.41322314049587,6.590909090909091,0.37475862068965515
111,Trey Thompkins,2011,2012,11.72,3.41,15.5,15.0,239.0,80.5,138.0,135.0,1,1,0,2.968944099378882,15.419354838709678,5.193548387096774,0.4601863354037267
112,Chandler Parsons,2011,2018,11.05,3.29,7.0,4.0,221.0,80.75,136.0,130.0,1,7,1,2.736842105263158,31.571428571428573,11.535714285714286,0.19157894736842107
113,Jeremy Tyler,2011,2014,11.26,3.29,13.4,10.0,262.0,81.0,144.0,138.5,1,3,0,3.234567901234568,19.55223880597015,6.044776119402985,0.43343209876543215
114,Tristan Thompson,2011,2018,10.92,3.26,6.2,9.0,227.0,79.5,143.5,138.5,1,7,1,2.8553459119496853,36.61290322580645,12.82258064516129,0.1770314465408805
115,Jon Leuer,2011,2018,10.82,3.36,5.4,17.0,223.0,82.0,142.0,135.0,1,7,1,2.7195121951219514,41.29629629629629,15.185185185185183,0.14685365853658539
116,Darius Morris,2011,2015,11.0,3.2,5.3,12.0,190.0,75.25,134.0,126.5,0,4,0,2.524916943521595,35.84905660377358,14.19811320754717,0.13382059800664453
117,Malcolm Lee,2011,2015,11.2,3.09,5.9,17.0,198.0,76.0,137.0,131.5,0,4,0,2.6052631578947367,33.559322033898304,12.88135593220339,0.1537105263157895
118,Charles Jenkins,2011,2013,11.68,3.18,4.3,16.0,216.0,73.5,130.5,126.0,0,2,0,2.938775510204082,50.23255813953489,17.093023255813954,0.1263673469387755
119,Andrew Goudelock,2011,2016,10.33,3.1,9.9,4.0,198.0,73.25,133.5,129.0,0,5,0,2.7030716723549486,20.0,7.398989898989899,0.2676040955631399
120,Travis Leslie,2011,2012,11.0,3.13,8.1,10.0,205.0,75.0,143.5,136.0,0,1,0,2.7333333333333334,25.308641975308642,9.25925925925926,0.2214
121,Keith Benson,2011,2012,11.88,3.35,6.1,12.0,217.0,82.0,145.5,141.0,1,1,0,2.6463414634146343,35.57377049180328,13.442622950819674,0.1614268292682927
122,Josh Selby,2011,2013,11.13,3.2,7.9,5.0,195.0,73.75,140.0,127.5,0,2,0,2.6440677966101696,24.68354430379747,9.335443037974683,0.2088813559322034
123,DeAndre Liggins,2011,2018,11.081843402439537,3.33,5.0,6.0,202.0,77.0,134.5,130.5,0,7,1,2.6233766233766236,40.4,15.4,0.13116883116883118
124,E'Twaun Moore,2011,2018,11.12,3.31,7.6,5.050059495835896,191.0,74.5,134.0,131.5,0,7,1,2.563758389261745,25.13157894736842,9.802631578947368,0.19484563758389262
125,Isaiah Thomas,2011,2018,10.49,3.14,6.7,13.0,186.0,68.75,131.5,123.0,0,7,1,2.7054545454545456,27.761194029850746,10.261194029850746,0.18126545454545456
126,Brandon Knight,2011,2017,10.74,3.07,4.2,10.0,177.0,73.5,136.0,127.5,0,6,1,2.4081632653061225,42.14285714285714,17.5,0.10114285714285715
127,Kemba Walker,2011,2018,10.87,3.16,5.9,7.0,184.0,71.5,131.0,123.5,0,7,1,2.5734265734265733,31.1864406779661,12.118644067796609,0.15183216783216782
129,Greg Smith,2011,2016,12.43,3.36,7.4,17.0,253.0,80.0,142.5,136.0,1,5,0,3.1625,34.189189189189186,10.81081081081081,0.234025
130,Malcolm Thomas,2011,2015,11.31,3.29,5.9,5.0,223.0,79.5,144.0,139.5,1,4,0,2.8050314465408803,37.79661016949152,13.47457627118644,0.16549685534591194
131,Scotty Hopson,2011,2018,10.47,3.18,4.8,10.0,205.0,77.75,139.5,136.0,0,7,1,2.6366559485530545,42.708333333333336,16.197916666666668,0.12655948553054663
132,Anthony Davis,2012,2018,11.518532493389008,3.3228132190203192,7.9,9.106425901490542,222.0,81.25,141.37212037838952,136.46403322323096,1,6,1,2.732307692307692,28.101265822784807,10.284810126582277,0.2158523076923077
133,Austin Rivers,2012,2018,11.54,3.32,6.2,1.0,203.0,75.5,134.0,129.0,0,6,1,2.6887417218543046,32.74193548387097,12.17741935483871,0.1667019867549669
134,Meyers Leonard,2012,2018,11.34,3.41,5.7,19.0,250.0,83.75,140.5,138.0,1,6,1,2.985074626865672,43.859649122807014,14.692982456140351,0.1701492537313433
135,Jeremy Lamb,2012,2018,10.98,3.25,4.5,5.0,179.0,76.0,140.0,133.5,0,6,1,2.3552631578947367,39.77777777777778,16.88888888888889,0.10598684210526316
136,Kendall Marshall,2012,2016,12.03,3.23,7.8,8.172542754305804,198.0,75.25,133.0,127.0,0,4,0,2.6312292358803986,25.384615384615387,9.647435897435898,0.2052358803986711
137,John Henson,2012,2018,11.547576268690598,3.365699223348667,8.6,5.0,216.0,81.0,142.0,137.5,1,6,1,2.6666666666666665,25.116279069767444,9.418604651162791,0.2293333333333333
138,Royce White,2012,2014,11.801060949348482,3.397644069533579,10.6,11.95212238681033,261.0,79.0,138.50789047223827,133.56912847585082,1,2,0,3.3037974683544302,24.62264150943396,7.452830188679245,0.35020253164556964
139,Tyler Zeller,2012,2018,11.13,3.4,6.4,16.0,247.0,83.25,138.5,134.5,1,6,1,2.966966966966967,38.59375,13.0078125,0.1898858858858859
140,Terrence Jones,2012,2017,11.57,3.4,7.7,12.0,252.0,80.25,141.5,136.5,1,5,0,3.1401869158878504,32.72727272727273,10.422077922077921,0.2417943925233645
141,Andrew Nicholson,2012,2017,11.89,3.67,7.6,10.0,234.0,80.5,137.5,135.5,1,5,0,2.906832298136646,30.789473684210527,10.592105263157896,0.22091925465838508
142,Michael Kidd-Gilchrist,2012,2018,11.77,3.18,7.0,6.0,233.0,77.75,140.0,136.5,1,6,1,2.9967845659163985,33.285714285714285,11.107142857142858,0.20977491961414793
143,Jared Sullinger,2012,2017,12.77,3.81,10.7,9.0,268.0,79.75,136.5,135.0,1,5,0,3.3605015673981193,25.04672897196262,7.453271028037384,0.3595736677115987
144,Fab Melo,2012,2013,12.14,3.44,9.2,9.0,255.0,82.75,141.0,139.5,1,1,0,3.081570996978852,27.717391304347828,8.994565217391305,0.28350453172205436
145,John Jenkins,2012,2017,11.36,3.37,7.1,10.0,212.0,75.25,134.5,128.5,0,5,0,2.8172757475083055,29.859154929577468,10.598591549295776,0.20002657807308968
146,Jared Cunningham,2012,2016,11.275994336996133,3.188326270799108,3.6,4.0,188.0,75.5,136.08345596736692,129.74728857392608,0,4,0,2.4900662251655628,52.22222222222222,20.97222222222222,0.08964238410596027
147,Tony Wroten,2012,2016,10.75,3.24,5.2,8.495392689570785,203.0,76.75,136.5,131.0,0,4,0,2.6449511400651464,39.03846153846154,14.759615384615383,0.13753745928338765
148,Miles Plumlee,2012,2018,10.64,3.36,11.4,15.0,252.0,82.5,146.0,139.5,1,6,1,3.0545454545454547,22.105263157894736,7.2368421052631575,0.3482181818181818
149,Arnett Moultrie,2012,2014,11.32,3.22,7.7,10.0,233.0,81.5,144.0,140.0,1,2,0,2.8588957055214723,30.25974025974026,10.584415584415584,0.22013496932515336
150,Perry Jones,2012,2015,11.31,3.19,4.6,11.0,234.0,82.25,145.5,140.0,1,3,0,2.844984802431611,50.86956521739131,17.880434782608695,0.1308693009118541
151,Marquis Teague,2012,2018,10.65,3.19,6.3,8.0,180.0,73.0,137.0,129.0,0,6,1,2.4657534246575343,28.571428571428573,11.587301587301587,0.15534246575342467
152,Bradley Beal,2012,2018,10.95,3.28,6.0,8.0,202.0,75.25,139.0,133.0,0,6,1,2.6843853820598005,33.666666666666664,12.541666666666666,0.16106312292358804
153,Festus Ezeli,2012,2016,12.35,3.29,5.5,18.0,264.0,81.75,141.5,142.0,1,4,0,3.229357798165138,48.0,14.863636363636363,0.17761467889908256
155,Tomas Satoransky,2012,2018,11.326322219902734,3.2303754564110285,5.2,8.01789184469531,201.0,78.5,138.89936452882006,131.96094387418995,0,6,1,2.5605095541401273,38.65384615384615,15.096153846153845,0.13314649681528665
156,Bernard James,2012,2015,11.84,3.4,5.0,6.0,230.0,80.75,141.0,138.5,1,3,0,2.848297213622291,46.0,16.15,0.14241486068111456
157,Jae Crowder,2012,2018,11.45,3.37,9.0,20.0,241.0,76.75,134.0,130.5,1,6,1,3.1400651465798046,26.77777777777778,8.527777777777779,0.2826058631921824
158,Draymond Green,2012,2018,11.01,3.4,11.3,9.0,236.0,77.75,138.0,133.0,1,6,1,3.035369774919614,20.884955752212388,6.880530973451327,0.34299678456591637
159,Orlando Johnson,2012,2016,10.98,3.25,7.0,13.0,224.0,75.75,138.5,131.0,0,4,0,2.957095709570957,32.0,10.821428571428571,0.206996699669967
160,Quincy Acy,2012,2018,10.48,3.28,7.1,13.0,224.0,78.5,143.5,138.5,1,6,1,2.8535031847133756,31.549295774647888,11.056338028169014,0.20259872611464966
161,Quincy Miller,2012,2015,11.05,3.48,7.8,8.0,219.0,80.75,141.0,135.5,1,3,0,2.7120743034055725,28.076923076923077,10.352564102564102,0.2115417956656347
162,Khris Middleton,2012,2018,11.45,3.47,7.8,4.0,216.0,78.75,134.0,131.0,0,6,1,2.742857142857143,27.692307692307693,10.096153846153847,0.21394285714285713
163,Dion Waiters,2012,2018,11.17433810485587,3.207296758473373,8.5,14.384496058802615,221.0,74.5,136.32645401420314,130.2762246538678,0,6,1,2.966442953020134,26.0,8.764705882352942,0.25214765100671144
164,Will Barton,2012,2018,12.5,3.6,4.1,6.693694572390529,174.0,77.0,136.5,132.5,0,6,1,2.25974025974026,42.43902439024391,18.78048780487805,0.09264935064935065
165,Tyshawn Taylor,2012,2014,11.48,3.2,4.2,9.00751723841711,177.0,74.75,134.0,129.5,0,2,0,2.367892976588629,42.14285714285714,17.797619047619047,0.09945150501672241
166,Doron Lamb,2012,2014,11.12,3.41,6.7,2.0,199.0,75.25,132.0,127.5,0,2,0,2.644518272425249,29.70149253731343,11.23134328358209,0.1771827242524917
167,Mike Scott,2012,2018,11.59,3.44,10.6,14.0,241.0,79.25,136.5,131.0,1,6,1,3.0410094637223977,22.735849056603776,7.476415094339623,0.32234700315457415
168,Kim English,2012,2013,10.59,3.33,4.3,8.209542959432037,192.0,76.5,134.5,127.0,0,1,0,2.5098039215686274,44.651162790697676,17.790697674418606,0.10792156862745099
169,Darius Miller,2012,2018,11.34,3.31,7.5,14.0,233.0,78.0,138.0,134.0,1,6,1,2.9871794871794872,31.066666666666666,10.4,0.22403846153846152
170,Kevin Murphy,2012,2013,10.97,3.42,5.8,11.0,194.0,77.0,135.5,130.0,0,1,0,2.5194805194805197,33.44827586206897,13.275862068965518,0.1461298701298701
171,Kyle O'Quinn,2012,2018,11.65,3.53,8.0,11.620242350484249,241.0,80.5,138.0,138.0,1,6,1,2.9937888198757765,30.125,10.0625,0.23950310559006213
172,Thomas Robinson,2012,2017,11.96,3.17,5.0,15.0,244.0,79.75,141.5,134.5,1,5,0,3.0595611285266457,48.8,15.95,0.1529780564263323
173,Kris Joseph,2012,2013,11.446186307629121,3.46,8.6,6.0,215.0,78.0,139.0,132.5,1,1,0,2.7564102564102564,25.0,9.069767441860465,0.23705128205128204
174,Darius Johnson-Odom,2012,2014,10.76,3.21,7.0,17.0,212.0,73.5,137.5,129.5,0,2,0,2.8843537414965987,30.285714285714285,10.5,0.20190476190476192
175,Robbie Hummel,2012,2015,11.56,3.41,9.4,13.0,218.0,79.25,132.0,129.5,1,3,0,2.7507886435331232,23.19148936170213,8.430851063829786,0.2585741324921136
176,Damian Lillard,2012,2018,11.15,3.34,5.9,13.0,189.0,73.75,135.0,130.0,0,6,1,2.5627118644067797,32.03389830508474,12.5,0.15120000000000003
177,Harrison Barnes,2012,2018,10.93,3.16,9.6,15.0,228.0,79.0,141.0,139.5,1,6,1,2.8860759493670884,23.75,8.229166666666668,0.27706329113924055
178,Terrence Ross,2012,2018,11.78,3.28,3.2,2.0,197.0,78.0,138.0,131.5,0,6,1,2.5256410256410255,61.5625,24.375,0.08082051282051282
179,Andre Drummond,2012,2018,10.83,3.39,7.5,10.0,279.0,81.75,143.0,141.0,1,6,1,3.4128440366972477,37.2,10.9,0.25596330275229356
180,Drew Gordon,2012,2015,11.35,3.49,9.1,10.0,239.0,80.0,137.5,132.5,1,3,0,2.9875,26.263736263736266,8.791208791208792,0.2718625
181,Henry Sims,2012,2016,12.33,3.44,7.7,7.0,241.0,82.0,137.5,134.5,1,4,0,2.9390243902439024,31.2987012987013,10.64935064935065,0.22630487804878047
182,Hollis Thompson,2012,2017,11.72,3.38,6.0,6.0,206.0,78.75,139.0,131.0,0,5,0,2.615873015873016,34.333333333333336,13.125,0.15695238095238095
183,JaMychal Green,2012,2018,10.63,3.38,9.8,19.0,217.0,80.0,139.0,136.0,1,6,1,2.7125,22.142857142857142,8.16326530612245,0.26582500000000003
184,Kevin Jones,2012,2013,11.94,3.6,11.2,17.0,251.0,78.25,137.5,132.5,1,1,0,3.207667731629393,22.41071428571429,6.986607142857143,0.359258785942492
185,Scott Machado,2012,2013,11.26,3.3,5.8,17.0,206.0,73.0,127.0,121.5,0,1,0,2.8219178082191783,35.51724137931035,12.586206896551724,0.1636712328767123
410,Corey Brewer,2007,2018,11.69,3.22,4.2,11.0,185.0,78.75,138.84859681306145,132.2496259348194,0,11,1,2.3492063492063493,44.047619047619044,18.75,0.09866666666666667
411,Mike Conley,2007,2018,11.63,3.09,4.2,13.0,175.0,71.75,132.92205114680638,127.54799130036629,0,11,1,2.4390243902439024,41.666666666666664,17.083333333333332,0.10243902439024391
412,Daequan Cook,2007,2013,11.12,3.22,7.0,4.0,203.0,75.75,136.61304681525485,130.90060539731294,0,6,1,2.67986798679868,29.0,10.821428571428571,0.1875907590759076
413,Javaris Crittenton,2007,2009,11.6,3.32,4.5,11.0,194.0,75.0,134.56256053807292,129.56467278416034,0,2,0,2.5866666666666664,43.111111111111114,16.666666666666668,0.1164
414,Kevin Durant,2007,2018,12.33,3.45,6.6,0.0,215.0,81.0,138.4179304195088,134.52769340111638,0,11,1,2.654320987654321,32.57575757575758,12.272727272727273,0.1751851851851852
415,Jeff Green,2007,2018,12.0,3.34,3.7,17.0,228.0,79.75,140.38457979864168,135.27715193132872,1,11,1,2.8589341692789967,61.62162162162162,21.554054054054053,0.1057805642633229
416,Spencer Hawes,2007,2017,11.88,3.51,13.0,9.0,244.0,82.5,139.5319646403786,135.27812510113296,1,10,1,2.9575757575757575,18.76923076923077,6.346153846153846,0.38448484848484854
417,Al Horford,2007,2018,12.15,3.37,9.1,20.0,244.0,80.75,139.55581235234902,135.17357718736363,1,11,1,3.021671826625387,26.813186813186814,8.873626373626374,0.2749721362229102
418,Acie Law,2007,2011,11.0,3.22,5.6,8.0,186.0,74.0,135.1540533309391,128.4945349719725,0,4,0,2.5135135135135136,33.214285714285715,13.214285714285715,0.14075675675675675
419,Josh McRoberts,2007,2018,11.7,3.47,13.7,12.0,240.0,80.75,139.22304997431658,134.7004298966642,1,11,1,2.972136222910217,17.51824817518248,5.8941605839416065,0.4071826625386996
420,Greg Oden,2007,2014,11.67,3.27,7.8,0.0,257.0,83.0,139.56110467614712,136.06829786974012,1,7,1,3.0963855421686746,32.94871794871795,10.64102564102564,0.24151807228915662
421,Joakim Noah,2007,2018,11.79,3.47,4.8,12.0,223.0,82.5,141.75169250046196,136.95554446106448,1,11,1,2.703030303030303,46.458333333333336,17.1875,0.12974545454545455
422,Jason Smith,2007,2018,10.96,3.29,7.5,15.0,233.0,82.75,142.3645362392364,137.84303642493092,1,11,1,2.8157099697885197,31.066666666666666,11.033333333333333,0.21117824773413896
423,Rodney Stuckey,2007,2017,11.34,3.11,6.1,14.0,207.0,75.75,137.94589202978804,132.45559013754004,0,10,1,2.732673267326733,33.9344262295082,12.418032786885247,0.16669306930693067
424,Al Thornton,2007,2011,11.96,3.16,5.8,9.0,221.0,77.75,140.21071534360604,134.56853487346703,1,4,0,2.842443729903537,38.10344827586207,13.405172413793103,0.16486173633440515
425,Brandan Wright,2007,2018,11.76,3.31,5.8,2.0,200.0,80.75,138.2247407707282,134.2196252259436,1,11,1,2.476780185758514,34.48275862068966,13.922413793103448,0.1436532507739938
426,Julian Wright,2007,2011,11.48,3.36,6.1,2.0,211.0,78.5,138.7300373677987,132.9556110296275,1,4,0,2.6878980891719744,34.59016393442623,12.868852459016395,0.16396178343949044
427,Nick Young,2007,2018,11.0,3.25,6.8,6.0,206.0,77.0,136.89921232560934,131.5219435244897,0,11,1,2.675324675324675,30.294117647058826,11.323529411764707,0.18192207792207793
428,Thaddeus Young,2007,2018,11.06,3.19,4.9,13.0,210.0,77.75,139.8929052559966,133.87134662743802,1,11,1,2.7009646302250805,42.857142857142854,15.867346938775508,0.13234726688102896
429,Aaron Brooks,2007,2018,10.57,3.2,2.7,6.0,161.0,70.5,133.21824696969696,127.4906277167277,0,11,1,2.2836879432624113,59.629629629629626,26.11111111111111,0.061659574468085114
430,Bobby Brown,2007,2018,11.27,3.25,6.6,3.0,170.0,71.75,131.60856378621378,125.62072380952382,0,11,1,2.3693379790940767,25.757575757575758,10.871212121212121,0.15637630662020907
431,Zabian Dowdell,2007,2011,11.13,3.29,5.1,3.0,191.0,73.5,135.4017154627879,130.06542035048287,0,4,0,2.598639455782313,37.450980392156865,14.411764705882353,0.13253061224489796
432,Jared Dudley,2007,2018,11.32,3.45,7.1,14.0,219.0,77.75,137.7913787069139,132.85328310331678,0,11,1,2.8167202572347265,30.845070422535212,10.950704225352114,0.1999871382636656
433,Aaron Gray,2007,2014,12.07,3.7,10.8,17.0,271.0,84.0,139.87177324901404,136.46464336753718,1,7,1,3.2261904761904763,25.09259259259259,7.777777777777778,0.3484285714285715
434,Taurean Green,2007,2008,11.3,3.26,4.6,8.0,173.0,71.75,132.4933297828762,127.28409034854033,0,1,0,2.4111498257839723,37.608695652173914,15.597826086956523,0.11091289198606272
435,Trey Johnson,2007,2012,11.78,3.31,5.4,18.0,216.0,75.75,138.23072078197737,133.01698583334192,0,5,0,2.8514851485148514,40.0,14.027777777777777,0.153980198019802
436,Coby Karl,2007,2010,11.57,3.41,5.4,9.0,204.0,75.5,134.3452871050029,130.0876048493174,0,3,0,2.7019867549668874,37.77777777777778,13.981481481481481,0.14590728476821194
437,Carl Landry,2007,2016,11.35,3.29,7.5,21.0,248.0,79.75,140.9845152360177,136.28647599341758,1,9,1,3.109717868338558,33.06666666666667,10.633333333333333,0.23322884012539183
438,Stephane Lasme,2007,2008,11.73,3.22,4.9,17.0,213.0,77.5,139.79998963145337,134.41834868460143,1,1,0,2.7483870967741937,43.46938775510204,15.816326530612244,0.1346709677419355
439,Cartier Martin,2007,2015,12.1,3.43,5.6,11.0,218.0,76.5,135.66059206236136,130.9232710408743,1,8,1,2.849673202614379,38.92857142857143,13.660714285714286,0.1595816993464052
440,Dominic McGuire,2007,2013,10.95,3.25,4.7,12.0,220.0,79.75,141.30883030370302,134.95245003758296,1,6,1,2.7586206896551726,46.80851063829787,16.96808510638298,0.1296551724137931
441,Demetris Nichols,2007,2009,10.39,3.38,6.2,16.0,211.0,78.25,139.99277384221574,134.48849858753232,1,2,0,2.696485623003195,34.03225806451613,12.620967741935484,0.1671821086261981
442,Chris Richard,2007,2010,11.39,3.29,7.5,15.0,252.0,79.5,141.34952162216533,135.6599709896881,1,3,0,3.169811320754717,33.6,10.6,0.23773584905660375
443,Ramon Sessions,2007,2018,11.65,3.27,6.2,8.0,185.0,74.0,134.3621216064759,128.39532877831235,0,11,1,2.5,29.838709677419352,11.935483870967742,0.155
444,Mustafa Shakur,2007,2014,11.82,3.27,4.1,11.0,185.0,75.0,134.48389494166236,128.9524498959374,0,7,1,2.466666666666667,45.1219512195122,18.29268292682927,0.10113333333333333
445,Sean Singletary,2007,2009,11.018499698028725,3.1425609037406956,3.7,17.0,180.0,71.0,132.4287315131721,127.3786444694195,0,2,0,2.535211267605634,48.648648648648646,19.18918918918919,0.09380281690140846
446,Sean Singletary,2008,2009,11.05687551127004,3.1464912572945503,4.2,18.0,184.0,71.0,132.27363151317206,127.57839367576871,0,1,0,2.591549295774648,43.80952380952381,16.904761904761905,0.10884507042253522
447,D.J. Strawberry,2007,2008,10.87,3.14,4.5,21.0,199.0,75.75,137.48990599344086,131.47339821428568,0,1,0,2.627062706270627,44.22222222222222,16.833333333333332,0.11821782178217823
448,Sun Yue,2007,2009,10.68,3.45,5.1,9.0,212.0,79.75,138.78629941152158,133.276547817084,0,2,0,2.658307210031348,41.568627450980394,15.637254901960786,0.13557366771159873
449,Anthony Tolliver,2007,2018,11.49,3.29,5.7,21.0,242.0,79.0,140.89999760201277,136.0108773809793,1,11,1,3.0632911392405062,42.45614035087719,13.859649122807017,0.17460759493670885
450,Darryl Watkins,2007,2012,11.65,3.56,6.9,14.0,241.0,80.75,139.81873910926186,136.41809399188082,1,5,0,2.984520123839009,34.927536231884055,11.702898550724637,0.20593188854489167
451,Joe Alexander,2008,2010,11.33,2.99,5.8,24.0,220.0,79.25,141.537444222282,135.27226737882015,1,2,0,2.77602523659306,37.93103448275862,13.663793103448276,0.16100946372239747
452,Darrell Arthur,2008,2018,12.18,3.14,7.3,12.0,216.0,79.5,141.1071659453806,134.97265929761252,1,10,1,2.7169811320754715,29.589041095890412,10.89041095890411,0.19833962264150942
453,Jerryd Bayless,2008,2018,11.26,3.07,4.7,10.0,204.0,73.75,136.02358311604038,129.27457539098327,0,10,1,2.766101694915254,43.40425531914894,15.691489361702127,0.13000677966101692
454,Michael Beasley,2008,2018,11.06,3.24,7.7,19.0,239.0,79.0,140.9501053352837,136.00274571536235,1,10,1,3.0253164556962027,31.038961038961038,10.25974025974026,0.23294936708860758
455,Joe Crawford,2008,2009,11.67,3.22,7.6,13.0,213.0,75.0,135.91387165725575,129.04344993602885,1,1,0,2.84,28.026315789473685,9.868421052631579,0.21583999999999998
456,Joey Dorsey,2008,2015,11.84,3.2,9.0,19.0,265.0,78.25,140.0439800940533,135.5047688422641,1,7,1,3.3865814696485623,29.444444444444443,8.694444444444445,0.3047923322683706
458,Patrick Ewing,2008,2011,11.77,3.43,9.4,2.0,224.0,78.0,136.3850853487959,131.46726857733898,1,3,0,2.871794871794872,23.829787234042552,8.297872340425531,0.26994871794871794
459,Gary Forbes,2008,2012,11.45,3.25,6.5,13.0,221.0,76.5,138.8231047934977,133.30754298292308,1,4,0,2.888888888888889,34.0,11.76923076923077,0.1877777777777778
460,J.R. Giddens,2008,2010,11.328759367110882,3.268739008961998,5.4,10.0,208.0,76.0,137.57076836257437,132.34668126124774,0,2,0,2.736842105263158,38.51851851851852,14.074074074074073,0.14778947368421055
461,Eric Gordon,2008,2018,10.81,3.01,8.2,15.0,222.0,74.0,136.455000424734,129.95655146316102,0,10,1,3.0,27.073170731707318,9.02439024390244,0.24599999999999997
462,Malik Hairston,2008,2010,11.33,3.08,6.9,13.0,204.0,76.25,137.65605578535687,132.32910693340114,0,2,0,2.675409836065574,29.565217391304348,11.050724637681158,0.1846032786885246
463,George Hill,2008,2018,12.2,3.07,3.0,9.0,181.0,73.25,135.14532074183242,128.8139004884005,0,10,1,2.47098976109215,60.333333333333336,24.416666666666668,0.07412969283276451
464,Lester Hudson,2008,2015,11.15,3.16,3.4,12.0,196.0,71.75,132.4467351116204,127.76008842546345,0,7,1,2.731707317073171,57.64705882352941,21.10294117647059,0.09287804878048782
465,Othello Hunter,2008,2010,11.51,3.18,6.4,7.0,220.0,78.5,140.79044921557528,135.540182727034,1,2,0,2.8025477707006368,34.375,12.265625,0.17936305732484076
466,Darnell Jackson,2008,2011,11.75,3.26,12.5,11.0,241.0,79.0,138.47283314851956,133.33946192852645,1,3,0,3.050632911392405,19.28,6.32,0.3813291139240506
467,DeAndre Jordan,2008,2018,12.3,3.27,7.5,8.0,250.0,81.75,140.09808121378572,136.84523245429907,1,10,1,3.058103975535168,33.333333333333336,10.9,0.22935779816513763
468,Sasha Kaun,2008,2016,12.06,3.2,9.6,13.0,247.0,81.0,140.06973243758534,136.0852055760802,1,8,1,3.049382716049383,25.729166666666668,8.4375,0.29274074074074075
469,Brook Lopez,2008,2018,12.77,3.57,6.3,7.0,256.0,83.25,139.6068857826298,136.23987089197348,1,10,1,3.075075075075075,40.63492063492063,13.214285714285715,0.19372972972972974
470,Kevin Love,2008,2018,11.17,3.22,12.9,18.0,255.0,79.75,140.67205582180642,135.646816923298,1,10,1,3.197492163009404,19.767441860465116,6.182170542635658,0.4124764890282132
471,O.J. Mayo,2008,2016,11.04,3.14,6.3,7.0,200.0,75.25,135.68022942289068,129.2276762749677,0,8,1,2.6578073089700998,31.746031746031747,11.944444444444445,0.16744186046511628
472,JaVale McGee,2008,2018,12.75,3.25,5.3,7.0,241.0,83.0,140.04037407946282,136.92694662123228,1,10,1,2.9036144578313254,45.47169811320755,15.660377358490567,0.15389156626506023
473,DeMarcus Nelson,2008,2009,10.54,3.13,4.5,19.0,196.0,73.0,133.2601751002362,128.2973234737485,0,1,0,2.684931506849315,43.55555555555556,16.22222222222222,0.12082191780821919
474,Jeremy Pargo,2008,2013,10.65,3.07,7.6,7.0,208.0,72.5,131.69665156456443,124.43375787545789,0,5,0,2.8689655172413793,27.36842105263158,9.539473684210527,0.2180413793103448
475,Anthony Randolph,2008,2014,11.86,3.26,4.7,7.0,197.0,81.0,139.84067895472415,135.31809663947155,1,6,1,2.432098765432099,41.91489361702128,17.23404255319149,0.11430864197530864
476,Brian Roberts,2008,2017,10.65,3.05,3.6,10.0,173.0,72.25,132.8599467660771,127.0741208791209,0,9,1,2.394463667820069,48.05555555555556,20.069444444444443,0.0862006920415225
477,Derrick Rose,2008,2018,11.69,3.05,4.6,10.0,196.0,73.5,135.29168017618358,129.39901746835037,0,10,1,2.6666666666666665,42.608695652173914,15.978260869565219,0.12266666666666666
478,Mike Taylor,2008,2009,10.98,3.08,3.8,2.0,166.0,72.75,132.36326615752668,127.43672802197804,0,1,0,2.281786941580756,43.684210526315795,19.144736842105264,0.08670790378006872
479,Sonny Weems,2008,2016,10.58,2.96,4.4,12.0,193.0,76.0,136.8532321886661,130.84240076451326,0,8,1,2.539473684210526,43.86363636363636,17.27272727272727,0.11173684210526318
480,Russell Westbrook,2008,2018,10.98,3.08,4.8,12.0,192.0,74.25,135.32142797086652,128.93868643162398,0,10,1,2.585858585858586,40.0,15.46875,0.12412121212121213
482,Reggie Williams,2008,2017,11.32,3.07,5.3,15.0,199.0,75.25,135.8896965665802,129.45522941889982,1,9,1,2.644518272425249,37.54716981132076,14.19811320754717,0.1401594684385382
